,league_id,name,type,country,country_code,seasons
0,4,Euro Championship,Cup,World,,5
1,21,Confederations Cup,Cup,World,,3
2,61,Ligue 1,League,France,FR,14
3,144,Jupiler Pro League,League,Belgium,BE,14
4,71,Serie A,League,Brazil,BR,15
5,39,Premier League,League,England,GB,14
6,78,Bundesliga,League,Germany,DE,14
7,135,Serie A,League,Italy,IT,14
8,88,Eredivisie,League,Netherlands,NL,14
9,94,Primeira Liga,League,Portugal,PT,14
10,140,La Liga,League,Spain,ES,14
11,179,Premiership,League,Scotland,GB,14
12,180,Championship,League,Scotland,GB,14
13,1,World Cup,Cup,World,,4
14,803,Asian Games,Cup,World,,4
15,804,Caribbean Cup,Cup,World,,4
16,62,Ligue 2,League,France,FR,14
17,2,UEFA Champions League,Cup,World,,13
18,311,1st Division,League,Albania,AL,13
19,310,Superliga,League,Albania,AL,12
20,186,Ligue 1,League,Algeria,DZ,13
21,187,Ligue 2,League,Algeria,DZ,13
22,586,West Bank Premier League,League,Palestine,PS,13
23,588,National League,League,Myanmar,MM,12
24,591,Pro League,League,Trinidad-And-Tobago,TT,11
25,335,Cup,Cup,Ukraine,UA,12
26,336,Druha Liga,League,Ukraine,UA,13
27,334,Persha Liga,League,Ukraine,UA,13
28,333,Premier League,League,Ukraine,UA,13
29,301,Pro League,League,United-Arab-Emirates,AE,13
30,303,Division 1,League,United-Arab-Emirates,AE,13
31,302,League Cup,Cup,United-Arab-Emirates,AE,13
32,269,Segunda División,League,Uruguay,UY,14
33,202,Ligue 1,League,Tunisia,TN,13
34,203,Süper Lig,League,Turkey,TR,13
35,204,1. Lig,League,Turkey,TR,13
36,205,2. Lig,League,Turkey,TR,13
37,206,Cup,Cup,Turkey,TR,13
38,552,3. Lig - Group 1,League,Turkey,TR,13
39,553,3. Lig - Group 2,League,Turkey,TR,13
40,554,3. Lig - Group 3,League,Turkey,TR,13
41,63,National 1,League,France,FR,13
42,66,Coupe de France,Cup,France,FR,13
43,65,Coupe de la Ligue,Cup,France,FR,9
44,67,National 2 - Group A,League,France,FR,13
45,68,National 2 - Group B,League,France,FR,13
46,69,National 2 - Group C,League,France,FR,13
47,70,National 2 - Group D,League,France,FR,13
48,233,Premier League,League,Egypt,EG,13
49,370,Primera Division,League,El-Salvador,SV,13
50,328,Esiliiga A,League,Estonia,EE,14
51,329,Meistriliiga,League,Estonia,EE,14
52,326,Erovnuli Liga 2,League,Georgia,GE,14
53,570,Premier League,League,Ghana,GH,13
54,377,Division d'Honneur,League,Guadeloupe,GP,13
55,339,Liga Nacional,League,Guatemala,GT,13
56,338,Primera Division,League,Guatemala,GT,13
57,199,Cup,Cup,Greece,GR,13
58,198,Football League,League,Greece,GR,10
59,197,Super League 1,League,Greece,GR,13
60,79,2. Bundesliga,League,Germany,DE,13
61,80,3. Liga,League,Germany,DE,13
62,529,Super Cup,Cup,Germany,DE,13
63,81,DFB Pokal,Cup,Germany,DE,13
64,7,Asian Cup,Cup,World,,4
65,8,World Cup - Women,Cup,World,,4
66,512,2nd Division - Group A,League,Albania,AL,13
67,513,2nd Division - Group B,League,Albania,AL,13
68,312,1a Divisió,League,Andorra,AD,13
69,313,2a Divisió,League,Andorra,AD,13
70,131,Primera B Metropolitana,League,Argentina,AR,14
71,129,Primera Nacional,League,Argentina,AR,14
72,132,Primera C,League,Argentina,AR,14
73,133,Primera D,League,Argentina,AR,13
74,134,Torneo Federal A,League,Argentina,AR,14
75,188,A-League,League,Australia,AU,13
76,191,Brisbane Premier League,League,Australia,AU,14
77,193,Northern Territory Premier League,League,Australia,AU,14
78,220,Cup,Cup,Austria,AT,13
79,219,2. Liga,League,Austria,AT,13
80,218,Bundesliga,League,Austria,AT,13
81,418,Birinci Dasta,League,Azerbaidjan,AZ,13
82,419,Premyer Liqa,League,Azerbaidjan,AZ,13
83,222,Regionalliga - Mitte,League,Austria,AT,13
84,221,Regionalliga - Ost,League,Austria,AT,13
85,223,Regionalliga - West,League,Austria,AT,13
86,110,Premier League,League,Wales,GB,13
87,112,Welsh Cup,Cup,Wales,GB,12
88,299,Primera División,League,Venezuela,VE,14
89,300,Segunda División,League,Venezuela,VE,14
90,406,Professional League,League,Oman,OM,13
91,322,Premier League,League,Jamaica,JM,13
92,387,League,League,Jordan,JO,12
93,388,1. Division,League,Kazakhstan,KZ,14
94,330,Premier League,League,Kuwait,KW,13
95,119,Superliga,League,Denmark,DK,13
96,120,1. Division,League,Denmark,DK,13
97,124,Denmark Series - Group 1,League,Denmark,DK,13
98,125,Denmark Series - Group 2,League,Denmark,DK,13
99,126,Denmark Series - Group 3,League,Denmark,DK,13
100,234,Liga Nacional,League,Honduras,HN,13
101,381,HKFA 1st Division,League,Hong-Kong,HK,13
102,380,Premier League,League,Hong-Kong,HK,13
103,273,Magyar Kupa,Cup,Hungary,HU,13
104,271,NB I,League,Hungary,HU,13
105,272,NB II,League,Hungary,HU,13
106,390,Premier League,League,Lebanon,LB,13
107,261,National Division,League,Luxembourg,LU,13
108,306,Second Division,League,Qatar,QA,13
109,305,Stars League,League,Qatar,QA,13
110,40,Championship,League,England,GB,13
111,46,EFL Trophy,Cup,England,GB,13
112,45,FA Cup,Cup,England,GB,13
113,47,FA Trophy,Cup,England,GB,13
114,48,League Cup,Cup,England,GB,13
115,43,National League,League,England,GB,13
116,41,League One,League,England,GB,13
117,42,League Two,League,England,GB,13
118,568,Eerste Divisie,League,Surinam,SR,12
119,571,Vysshaya Liga,League,Tajikistan,TJ,14
120,15,FIFA Club World Cup,League,World,,11
121,422,Premier League,League,Barbados,BB,11
122,480,Olympics Men,Cup,World,,4
123,535,CECAFA Senior Challenge Cup,Cup,World,,6
124,75,Serie C,League,Brazil,BR,13
125,76,Serie D,League,Brazil,BR,13
126,585,Premier League,League,Uganda,UG,12
127,598,Première Division,League,Mali,ML,11
128,253,Major League Soccer,League,USA,US,13
129,257,US Open Cup,Cup,USA,US,12
130,268,Primera División - Apertura,League,Uruguay,UY,13
131,270,Primera División - Clausura,League,Uruguay,UY,12
132,369,Super League,League,Uzbekistan,UZ,13
133,296,Thai League 1,League,Thailand,TH,12
134,297,Thai League 2,League,Thailand,TH,12
135,551,Super Cup,Cup,Turkey,TR,12
136,366,1. Deild,League,Faroe-Islands,FO,13
137,367,Meistaradeildin,League,Faroe-Islands,FO,13
138,245,Ykkönen,League,Finland,FI,13
139,244,Veikkausliiga,League,Finland,FI,13
140,246,Suomen Cup,Cup,Finland,FI,13
141,247,Kakkonen - Lohko A,League,Finland,FI,13
142,248,Kakkonen - Lohko B,League,Finland,FI,13
143,249,Kakkonen - Lohko C,League,Finland,FI,13
144,526,Trophée des Champions,Cup,France,FR,12
145,242,Liga Pro,League,Ecuador,EC,13
146,243,Liga Pro Serie B,League,Ecuador,EC,13
147,539,Super Cup,Cup,Egypt,EG,11
148,397,Girabola,League,Angola,AO,13
149,343,First League,League,Armenia,AM,12
150,342,Premier League,League,Armenia,AM,12
151,481,Northern NSW NPL,League,Australia,AU,13
152,116,Premier League,League,Belarus,BY,13
153,117,1. Division,League,Belarus,BY,13
154,118,2. Division,League,Belarus,BY,13
155,400,Super League,League,Zambia,ZM,12
156,340,V.League 1,League,Vietnam,VN,13
157,102,Emperor Cup,Cup,Japan,JP,13
158,101,J-League Cup,Cup,Japan,JP,13
159,98,J1 League,League,Japan,JP,13
160,99,J2 League,League,Japan,JP,13
161,100,J3 League,League,Japan,JP,13
162,389,Premier League,League,Kazakhstan,KZ,13
163,276,FKF Premier League,League,Kenya,KE,13
164,121,DBU Pokalen,Cup,Denmark,DK,12
165,379,Ligue Haïtienne,League,Haiti,HT,11
166,364,1. Liga,League,Latvia,LV,13
167,365,Virsliga,League,Latvia,LV,13
168,361,1 Lyga,League,Lithuania,LT,13
169,362,A Lyga,League,Lithuania,LT,13
170,528,Community Shield,Cup,England,GB,12
171,72,Serie B,League,Brazil,BR,13
172,505,League Cup,Cup,Singapore,SG,5
173,28,SAFF Championship,Cup,World,,5
174,421,Division di Honor,League,Aruba,AW,11
175,420,Cup,Cup,Azerbaidjan,AZ,11
176,298,FA Cup,Cup,Thailand,TH,11
177,376,National Football League,League,Fiji,FJ,12
178,64,Feminine Division 1,League,France,FR,11
179,3,UEFA Europa League,Cup,World,,10
180,327,Erovnuli Liga,League,Georgia,GE,11
181,378,Ligue 1,League,Guinea,GN,10
182,520,Acreano,League,Brazil,BR,11
183,547,Super Cup,Cup,Italy,IT,9
184,807,AFC Challenge Cup,Cup,World,,1
185,19,African Nations Championship,Cup,World,,5
186,24,AFF Championship,Cup,World,,5
187,37,World Cup - Qualification Intercontinental Play-offs,Cup,World,,3
188,128,Liga Profesional Argentina,League,Argentina,AR,10
189,183,League One,League,Scotland,GB,9
190,184,League Two,League,Scotland,GB,9
191,22,CONCACAF Gold Cup,Cup,World,,5
192,23,EAFF E-1 Football Championship,Cup,World,,4
193,27,OFC Champions League,Cup,World,,9
194,519,Super Cup,Cup,Belgium,BE,8
195,527,Super Cup,Cup,Chile,CL,10
196,6,Africa Cup of Nations,Cup,World,,5
197,9,Copa America,Cup,World,,5
198,925,Super Cup,Cup,Czech-Republic,CZ,1
199,255,USL Championship,League,USA,US,10
200,363,Premier League,League,Ethiopia,ET,9
201,122,2nd Division - Group 1,League,Denmark,DK,9
202,123,2nd Division - Group 2,League,Denmark,DK,6
203,567,Ligi kuu Bara,League,Tanzania,TZ,9
204,550,Super Cup,Cup,Portugal,PT,8
205,555,Supercupa,Cup,Romania,RO,8
206,556,Super Cup,Cup,Spain,ES,8
207,497,Japan Football League,League,Japan,JP,9
208,127,Denmark Series - Group 4,League,Denmark,DK,8
209,563,Ettan - Norra,League,Sweden,SE,9
210,564,Ettan - Södra,League,Sweden,SE,9
211,569,Premier League,League,Kyrgyzstan,KG,9
212,317,1st League - RS,League,Bosnia,BA,8
213,316,1st League - FBiH,League,Bosnia,BA,8
214,295,K3 League,League,South-Korea,KR,9
215,495,Hazfi Cup,Cup,Iran,IR,8
216,496,Liga Alef,League,Israel,IL,8
217,506,2. liga,League,Slovakia,SK,8
218,514,Coupe Nationale,Cup,Algeria,DZ,6
219,521,Amapaense,League,Brazil,BR,9
220,522,Amazonense,League,Brazil,BR,9
221,524,Olympics Women,Cup,World,,3
222,531,UEFA Super Cup,Cup,World,,8
223,543,Super Cup,Cup,Netherlands,NL,7
224,368,Premier League,League,Singapore,SG,9
225,314,Cup,Cup,Bosnia,BA,8
226,315,Premijer Liga,League,Bosnia,BA,8
227,371,First League,League,Macedonia,MK,8
228,382,Liga Leumit,League,Israel,IL,8
229,383,Ligat Ha'al,League,Israel,IL,8
230,386,Ligue 1,League,Ivory-Coast,CI,8
231,392,Challenge League,League,Malta,MT,8
232,393,Premier League,League,Malta,MT,8
233,394,Super Liga,League,Moldova,MD,8
234,396,Primera Division,League,Nicaragua,NI,8
235,96,Taça de Portugal,Cup,Portugal,PT,8
236,399,NPFL,League,Nigeria,NG,9
237,401,Premier Soccer League,League,Zimbabwe,ZW,7
238,402,Sudani Premier League,League,Sudan,SD,8
239,403,Ligue 1,League,Senegal,SN,8
240,404,Campionato,League,San-Marino,SM,8
241,411,Elite One,League,Cameroon,CM,9
242,410,C-League,League,Cambodia,KH,8
243,417,Premier League,League,Bahrain,BH,8
244,415,Championnat National,League,Benin,BJ,7
245,414,Premier League,League,Bermuda,BM,8
246,413,Super League,League,Bhutan,BT,7
247,412,Premier League,League,Botswana,BW,7
248,398,Premier League,League,Bangladesh,BD,8
249,16,CONCACAF Champions League,Cup,World,,9
250,17,AFC Champions League,Cup,World,,8
251,25,Gulf Cup of Nations,Cup,World,,3
252,26,International Champions Cup,Cup,World,,4
253,141,Segunda División,League,Spain,ES,8
254,136,Serie B,League,Italy,IT,8
255,103,Eliteserien,League,Norway,NO,9
256,89,Eerste Divisie,League,Netherlands,NL,8
257,95,Segunda Liga,League,Portugal,PT,8
258,113,Allsvenskan,League,Sweden,SE,9
259,162,Primera División,League,Costa-Rica,CR,8
260,164,Úrvalsdeild,League,Iceland,IS,9
261,169,Super League,League,China,CN,9
262,137,Coppa Italia,Cup,Italy,IT,8
263,200,Botola Pro,League,Morocco,MA,8
264,207,Super League,League,Switzerland,CH,8
265,210,HNL,League,Croatia,HR,8
266,235,Premier League,League,Russia,RU,8
267,239,Primera A,League,Colombia,CO,9
268,250,Division Profesional - Apertura,League,Paraguay,PY,9
269,73,Copa Do Brasil,Cup,Brazil,BR,9
270,90,KNVB Beker,Cup,Netherlands,NL,8
271,145,Challenger Pro League,League,Belgium,BE,8
272,173,Second League,League,Bulgaria,BG,8
273,170,League One,League,China,CN,9
274,189,Capital Territory NPL,League,Australia,AU,9
275,240,Primera B,League,Colombia,CO,9
276,211,First NL,League,Croatia,HR,8
277,138,Serie C - Girone A,League,Italy,IT,8
278,146,Super League Women,League,Belgium,BE,8
279,74,Brasileiro Women,League,Brazil,BR,9
280,44,FA WSL,League,England,GB,8
281,82,Frauen Bundesliga,League,Germany,DE,8
282,139,Serie A Women,League,Italy,IT,8
283,91,Eredivisie Women,League,Netherlands,NL,8
284,142,Primera División Femenina,League,Spain,ES,8
285,130,Copa Argentina,Cup,Argentina,AR,8
286,190,A-League Women,League,Australia,AU,8
287,236,First League,League,Russia,RU,8
288,165,1. Deild,League,Iceland,IS,9
289,251,Division Intermedia,League,Paraguay,PY,9
290,104,1. Division,League,Norway,NO,9
291,114,Superettan,League,Sweden,SE,9
292,208,Challenge League,League,Switzerland,CH,8
293,262,Liga MX,League,Mexico,MX,8
294,263,Liga de Expansión MX,League,Mexico,MX,8
295,259,Canadian Championship,Cup,Canada,CA,9
296,278,Super League,League,Malaysia,MY,9
297,279,Premier League,League,Malaysia,MY,7
298,280,Premiership,League,New-Zealand,NZ,5
299,281,Primera División,League,Peru,PE,9
300,282,Segunda División,League,Peru,PE,9
301,283,Liga I,League,Romania,RO,8
302,284,Liga II,League,Romania,RO,8
303,286,Super Liga,League,Serbia,RS,8
304,287,Prva Liga,League,Serbia,RS,8
305,288,Premier Soccer League,League,South-Africa,ZA,8
306,289,1st Division,League,South-Africa,ZA,8
307,290,Persian Gulf Pro League,League,Iran,IR,8
308,291,Azadegan League,League,Iran,IR,8
309,292,K League 1,League,South-Korea,KR,9
310,293,K League 2,League,South-Korea,KR,9
311,307,Pro League,League,Saudi-Arabia,SA,8
312,308,Division 1,League,Saudi-Arabia,SA,8
313,309,Division 2,League,Saudi-Arabia,SA,3
314,252,Division Profesional - Clausura,League,Paraguay,PY,9
315,166,2. Deild,League,Iceland,IS,9
316,592,Division 2 - Norra Götaland,League,Sweden,SE,9
317,593,Division 2 - Norra Svealand,League,Sweden,SE,9
318,594,Division 2 - Norrland,League,Sweden,SE,9
319,595,Division 2 - Södra Svealand,League,Sweden,SE,9
320,596,Division 2 - Västra Götaland,League,Sweden,SE,9
321,597,Division 2 - Östra Götaland,League,Sweden,SE,9
322,511,Cup,Cup,Tunisia,TN,8
323,488,U19 Bundesliga,League,Germany,DE,8
324,805,Copa Centroamericana,Cup,World,,1
325,806,OFC Nations Cup,Cup,World,,2
326,766,China Cup,Cup,World,,3
327,827,Crown Prince Cup,Cup,Saudi-Arabia,SA,1
328,372,Second League,League,Macedonia,MK,7
329,174,Cup,Cup,Bulgaria,BG,7
330,10,Friendlies,Cup,World,,8
331,14,UEFA Youth League,League,World,,7
332,18,AFC Cup,Cup,World,,7
333,20,CAF Confederation Cup,Cup,World,,7
334,38,UEFA U21 Championship,Cup,World,,3
335,559,League Cup,Cup,Northern-Ireland,GB,6
336,560,Presidents Cup,Cup,United-Arab-Emirates,AE,7
337,561,Premier Intermediate League,League,Northern-Ireland,GB,6
338,407,Championship,League,Northern-Ireland,GB,7
339,408,Premiership,League,Northern-Ireland,GB,7
340,331,Division 1,League,Kuwait,KW,7
341,425,Premier League,League,Syria,SY,7
342,77,Alagoano,Cup,Brazil,BR,8
343,337,Druha Liga - Group B,League,Ukraine,UA,5
344,185,League Cup,Cup,Scotland,GB,7
345,490,World Cup - U20,Cup,World,,3
346,492,Tweede Divisie,League,Netherlands,NL,7
347,498,Cup,Cup,Kazakhstan,KZ,8
348,504,King's Cup,Cup,Saudi-Arabia,SA,8
349,507,Cup,Cup,South-Africa,ZA,7
350,508,League Cup,Cup,South-Africa,ZA,4
351,510,1. Liga Promotion,League,Switzerland,CH,7
352,584,Premier League,League,Libya,LY,6
353,589,Taiwan Football Premier League,League,Chinese-Taipei,TW,8
354,258,Canadian Soccer League,League,Canada,CA,8
355,274,Liga 1,League,Indonesia,ID,7
356,304,Liga Panameña de Fútbol,League,Panama,PA,8
357,106,Ekstraklasa,League,Poland,PL,6
358,172,First League,League,Bulgaria,BG,6
359,5,UEFA Nations League,Cup,World,,4
360,163,Liga de Ascenso,League,Costa-Rica,CR,6
361,111,FAW Championship,League,Wales,GB,5
362,265,Primera División,League,Chile,CL,7
363,266,Primera B,League,Chile,CL,7
364,277,Super League,League,Kenya,KE,4
365,318,1. Division,League,Cyprus,CY,6
366,319,2. Division,League,Cyprus,CY,6
367,320,3. Division,League,Cyprus,CY,6
368,201,Botola 2,League,Morocco,MA,6
369,323,Indian Super League,League,India,IN,6
370,324,I-League,League,India,IN,6
371,107,I Liga,League,Poland,PL,6
372,332,Super Liga,League,Slovakia,SK,6
373,345,Czech Liga,League,Czech-Republic,CZ,6
374,346,FNL,League,Czech-Republic,CZ,6
375,355,First League,League,Montenegro,ME,6
376,356,Second League,League,Montenegro,ME,6
377,344,Primera División,League,Bolivia,BO,7
378,256,USL League Two,League,USA,US,7
379,557,Super Cup,Cup,Norway,NO,2
380,808,CONCACAF Nations League - Qualification,Cup,World,,1
381,373,1. SNL,League,Slovenia,SI,6
382,374,2. SNL,League,Slovenia,SI,6
383,391,Super League,League,Malawi,MW,6
384,143,Copa del Rey,Cup,Spain,ES,6
385,405,National Soccer League,League,Rwanda,RW,6
386,409,Premier League,League,Namibia,NA,1
387,416,Premier League,League,Belize,BZ,5
388,212,Cup,Cup,Croatia,HR,6
389,384,State Cup,Cup,Israel,IL,6
390,285,Cupa României,Cup,Romania,RO,6
391,321,Cup,Cup,Cyprus,CY,6
392,31,World Cup - Qualification CONCACAF,Cup,World,,3
393,32,World Cup - Qualification Europe,Cup,World,,2
394,33,World Cup - Qualification Oceania,Cup,World,,2
395,34,World Cup - Qualification South America,Cup,World,,3
396,29,World Cup - Qualification Africa,Cup,World,,3
397,30,World Cup - Qualification Asia,Cup,World,,3
398,942,Serie C - Girone B,League,Italy,IT,6
399,943,Serie C - Girone C,League,Italy,IT,6
400,530,Super Cup,Cup,Georgia,GE,6
401,718,Piala Indonesia,Cup,Indonesia,ID,1
402,149,Second Amateur Division - VFV A,League,Belgium,BE,6
403,150,Second Amateur Division - VFV B,League,Belgium,BE,6
404,151,Third Amateur Division - VFV A,League,Belgium,BE,6
405,152,Third Amateur Division - VFV B,League,Belgium,BE,6
406,175,Third League - Northeast,League,Bulgaria,BG,6
407,176,Third League - Northwest,League,Bulgaria,BG,6
408,177,Third League - Southeast,League,Bulgaria,BG,6
409,178,Third League - Southwest,League,Bulgaria,BG,6
410,49,National League - Play-offs,League,England,GB,1
411,491,Løgmanssteypid,Cup,Faroe-Islands,FO,7
412,493,UEFA U19 Championship,Cup,World,,6
413,499,Malaysia Cup,Cup,Malaysia,MY,6
414,516,Super Cup,Cup,Algeria,DZ,3
415,537,CONCACAF U20,Cup,World,,4
416,544,FA Cup,Cup,Hong-Kong,HK,6
417,545,AIFF Super Cup,Cup,India,IN,4
418,224,Landesliga - Burgenland,League,Austria,AT,5
419,225,Landesliga - Karnten,League,Austria,AT,5
420,226,Landesliga - Niederosterreich,League,Austria,AT,5
421,227,Landesliga - Oberosterreich,League,Austria,AT,5
422,228,Landesliga - Salzburg,League,Austria,AT,5
423,229,Landesliga - Steiermark,League,Austria,AT,5
424,230,Landesliga - Tirol,League,Austria,AT,5
425,231,Landesliga - Vorarlbergliga,League,Austria,AT,5
426,232,Landesliga - Wien,League,Austria,AT,5
427,148,Second Amateur Division - ACFF,League,Belgium,BE,5
428,153,Provincial - Antwerpen,League,Belgium,BE,5
429,154,Provincial - Brabant VFV,League,Belgium,BE,5
430,155,Provincial - Hainaut,League,Belgium,BE,5
431,156,Provincial - Liege,League,Belgium,BE,5
432,157,Provincial - Limburg,League,Belgium,BE,5
433,158,Provincial - Luxembourg,League,Belgium,BE,5
434,159,Provincial - Namur,League,Belgium,BE,5
435,160,Provincial - Oost-Vlaanderen,League,Belgium,BE,5
436,161,Provincial - West-Vlaanderen,League,Belgium,BE,5
437,423,Ligue 1,League,Burkina-Faso,BF,5
438,424,Ligue 1,League,Congo-DR,CG,5
439,213,Third NL - Istok,League,Croatia,HR,5
440,214,Third NL - Jug,League,Croatia,HR,5
441,215,Third NL - Sjever,League,Croatia,HR,5
442,216,Third NL - Sredite,League,Croatia,HR,5
443,217,Third NL - Zapad,League,Croatia,HR,5
444,348,3. liga - CFL A,League,Czech-Republic,CZ,5
445,349,3. liga - MSFL,League,Czech-Republic,CZ,5
446,350,4. liga - Divizie A,League,Czech-Republic,CZ,5
447,351,4. liga - Divizie B,League,Czech-Republic,CZ,5
448,352,4. liga - Divizie C,League,Czech-Republic,CZ,5
449,353,4. liga - Divizie D,League,Czech-Republic,CZ,5
450,354,4. liga - Divizie E,League,Czech-Republic,CZ,5
451,50,National League - North,League,England,GB,5
452,51,National League - South,League,England,GB,5
453,52,Non League Div One - Isthmian North,League,England,GB,5
454,53,Non League Div One - Isthmian South Central,League,England,GB,5
455,54,Non League Div One - Northern West,League,England,GB,4
456,55,Non League Div One - Northern Midlands,League,England,GB,4
457,56,Non League Div One - Southern South,League,England,GB,5
458,57,Non League Div One - Isthmian South East,League,England,GB,5
459,58,Non League Premier - Isthmian,League,England,GB,5
460,59,Non League Premier - Northern,League,England,GB,5
461,60,Non League Premier - Southern South,League,England,GB,5
462,92,Derde Divisie - Saturday,League,Netherlands,NL,5
463,93,Derde Divisie - Sunday,League,Netherlands,NL,5
464,109,II Liga - East,League,Poland,PL,5
465,341,Cup,Cup,Vietnam,VN,6
466,238,Youth Championship,League,Russia,RU,6
467,83,Regionalliga - Bayern,League,Germany,DE,4
468,84,Regionalliga - Nord,League,Germany,DE,5
469,85,Regionalliga - Nordost,League,Germany,DE,5
470,86,Regionalliga - SudWest,League,Germany,DE,5
471,87,Regionalliga - West,League,Germany,DE,5
472,426,Serie D - Girone A,League,Italy,IT,4
473,427,Serie D - Girone B,League,Italy,IT,4
474,428,Serie D - Girone C,League,Italy,IT,4
475,429,Serie D - Girone D,League,Italy,IT,4
476,430,Serie D - Girone E,League,Italy,IT,4
477,431,Serie D - Girone F,League,Italy,IT,4
478,432,Serie D - Girone G,League,Italy,IT,4
479,433,Serie D - Girone H,League,Italy,IT,4
480,434,Serie D - Girone I,League,Italy,IT,4
481,435,Primera División RFEF - Group 1,League,Spain,ES,5
482,436,Primera División RFEF - Group 2,League,Spain,ES,5
483,437,Primera División RFEF - Group 3,League,Spain,ES,2
484,438,Primera División RFEF - Group 4,League,Spain,ES,2
485,439,Tercera División RFEF - Group 1,League,Spain,ES,5
486,440,Tercera División RFEF - Group 2,League,Spain,ES,5
487,441,Tercera División RFEF - Group 3,League,Spain,ES,5
488,442,Tercera División RFEF - Group 4,League,Spain,ES,5
489,443,Tercera División RFEF - Group 5,League,Spain,ES,5
490,444,Tercera División RFEF - Group 6,League,Spain,ES,5
491,445,Tercera División RFEF - Group 7,League,Spain,ES,5
492,446,Tercera División RFEF - Group 8,League,Spain,ES,5
493,447,Tercera División RFEF - Group 9,League,Spain,ES,5
494,448,Tercera División RFEF - Group 10,League,Spain,ES,5
495,449,Tercera División RFEF - Group 11,League,Spain,ES,5
496,450,Tercera División RFEF - Group 12,League,Spain,ES,5
497,451,Tercera División RFEF - Group 13,League,Spain,ES,5
498,452,Tercera División RFEF - Group 14,League,Spain,ES,5
499,453,Tercera División RFEF - Group 15,League,Spain,ES,5
500,454,Tercera División RFEF - Group 16,League,Spain,ES,5
501,455,Tercera División RFEF - Group 17,League,Spain,ES,5
502,456,Tercera División RFEF - Group 18,League,Spain,ES,5
503,457,Campeonato de Portugal Prio - Group A,League,Portugal,PT,5
504,458,Campeonato de Portugal Prio - Group B,League,Portugal,PT,5
505,459,Campeonato de Portugal Prio - Group C,League,Portugal,PT,5
506,460,Campeonato de Portugal Prio - Group D,League,Portugal,PT,5
507,461,National 3 - Group A,League,France,FR,5
508,462,National 3 - Group B,League,France,FR,5
509,463,National 3 - Group C,League,France,FR,5
510,464,National 3 - Group D,League,France,FR,5
511,465,National 3 - Group E,League,France,FR,5
512,466,National 3 - Group F,League,France,FR,5
513,467,National 3 - Group H,League,France,FR,5
514,468,National 3 - Group I,League,France,FR,5
515,469,National 3 - Group J,League,France,FR,5
516,470,National 3 - Group K,League,France,FR,5
517,471,National 3 - Group L,League,France,FR,4
518,472,National 3 - Group M,League,France,FR,4
519,473,2. Division - Group 1,League,Norway,NO,6
520,474,2. Division - Group 2,League,Norway,NO,6
521,484,Frauenliga,League,Austria,AT,5
522,485,Federation Cup,Cup,Bahrain,BH,5
523,486,Coppa,Cup,Belarus,BY,5
524,487,First Amateur Division,League,Belgium,BE,5
525,489,USL League One,League,USA,US,6
526,494,Super League 2,League,Greece,GR,5
527,501,Copa Paraguay,Cup,Paraguay,PY,4
528,502,Copa Bicentenario,Cup,Peru,PE,2
529,503,Copa Perú,Cup,Peru,PE,4
530,509,8 Cup,Cup,South-Africa,ZA,5
531,515,U21 League 1,League,Algeria,DZ,5
532,517,Trofeo de Campeones de la Superliga,Cup,Argentina,AR,5
533,518,Reserve Pro League,League,Belgium,BE,5
534,523,NISA,League,USA,US,6
535,525,UEFA Champions League Women,Cup,World,,5
536,533,CAF Super Cup,Cup,World,,5
537,534,CONCACAF Caribbean Club Shield,Cup,World,,5
538,546,FAI President's Cup,Cup,Ireland,IE,5
539,275,Liga 2,League,Indonesia,ID,5
540,395,Liga 1,League,Moldova,MD,5
541,267,Copa Chile,Cup,Chile,CL,5
542,171,FA Cup,Cup,China,CN,6
543,241,Copa Colombia,Cup,Colombia,CO,6
544,147,Cup,Cup,Belgium,BE,5
545,167,Cup,Cup,Iceland,IS,6
546,168,League Cup,Cup,Iceland,IS,6
547,359,FAI Cup,Cup,Ireland,IE,6
548,360,League Cup,Cup,Ireland,IE,2
549,385,Toto Cup Ligat Al,Cup,Israel,IL,5
550,264,Copa MX,Cup,Mexico,MX,1
551,11,CONMEBOL Sudamericana,Cup,World,,6
552,12,CAF Champions League,Cup,World,,5
553,13,CONMEBOL Libertadores,Cup,World,,6
554,209,Schweizer Cup,Cup,Switzerland,CH,5
555,115,Svenska Cupen,Cup,Sweden,SE,6
556,375,Cup,Cup,Slovenia,SI,5
557,181,FA Cup,Cup,Scotland,GB,5
558,182,Challenge Cup,Cup,Scotland,GB,4
559,237,Cup,Cup,Russia,RU,5
560,97,Taça da Liga,Cup,Portugal,PT,5
561,108,Cup,Cup,Poland,PL,5
562,105,NM Cupen,Cup,Norway,NO,5
563,294,FA Cup,Cup,South-Korea,KR,6
564,325,Santosh Trophy,Cup,India,IN,5
565,347,Cup,Cup,Czech-Republic,CZ,5
566,35,Asian Cup - Qualification,Cup,World,,3
567,254,NWSL Women,League,USA,US,6
568,260,Pacific Coast Soccer League,League,Canada,CA,5
569,192,New South Wales NPL,League,Australia,AU,6
570,194,South Australia NPL,League,Australia,AU,6
571,195,Victoria NPL,League,Australia,AU,6
572,196,Western Australia NPL,League,Australia,AU,6
573,357,Premier Division,League,Ireland,IE,6
574,358,First Division,League,Ireland,IE,6
575,768,Arab Club Champions Cup,Cup,World,,2
576,769,Premier League Asia Trophy,Cup,World,,1
577,770,Pacific Games,Cup,World,,2
578,772,Leagues Cup,Cup,World,,5
579,773,Sudamericano U20,Cup,World,,2
580,482,Queensland NPL,League,Australia,AU,6
581,566,Ligue A,League,Burundi,BI,5
582,642,Curaçao Sekshon Pagá,League,Curacao,CW,4
583,655,Copa Constitució,Cup,Andorra,AD,5
584,664,Superliga,League,Kosovo,XK,5
585,665,Cup,Cup,Kosovo,XK,5
586,677,QSL Cup,Cup,Qatar,QA,5
587,698,FA Women's Cup,Cup,England,GB,5
588,714,Cup,Cup,Egypt,EG,4
589,716,Senior Shield,Cup,Hong-Kong,HK,3
590,572,Srpska Liga - Belgrade,League,Serbia,RS,5
591,573,Srpska Liga - Vojvodina,League,Serbia,RS,5
592,574,Srpska Liga - East,League,Serbia,RS,5
593,575,Srpska Liga - West,League,Serbia,RS,5
594,576,Gamma Ethniki - Group 1,League,Greece,GR,5
595,577,Gamma Ethniki - Group 2,League,Greece,GR,5
596,578,Gamma Ethniki - Group 3,League,Greece,GR,5
597,579,Gamma Ethniki - Group 4,League,Greece,GR,5
598,580,Gamma Ethniki - Group 5,League,Greece,GR,4
599,581,Gamma Ethniki - Group 6,League,Greece,GR,3
600,582,Gamma Ethniki - Group 7,League,Greece,GR,3
601,583,Gamma Ethniki - Group 8,League,Greece,GR,2
602,587,World Cup - U17,Cup,World,,2
603,590,A Division,League,Nepal,NP,3
604,599,1. Liga Classic - Group 1,League,Switzerland,CH,5
605,600,1. Liga Classic - Group 2,League,Switzerland,CH,5
606,601,1. Liga Classic - Group 3,League,Switzerland,CH,5
607,613,Baiano - 2,League,Brazil,BR,6
608,620,Cearense - 2,League,Brazil,BR,6
609,625,Carioca - 2,League,Brazil,BR,5
610,633,NB III - Northeast,League,Hungary,HU,5
611,634,NB III - Southwest,League,Hungary,HU,5
612,635,NB III - Northwest,League,Hungary,HU,5
613,638,Kvindeliga,League,Denmark,DK,5
614,602,Baiano - 1,League,Brazil,BR,5
615,603,Paraibano,League,Brazil,BR,5
616,604,Catarinense - 1,League,Brazil,BR,5
617,605,Paulista - A3,League,Brazil,BR,5
618,606,Paranaense - 1,League,Brazil,BR,5
619,607,Roraimense,League,Brazil,BR,5
620,608,Maranhense,League,Brazil,BR,5
621,609,Cearense - 1,League,Brazil,BR,5
622,610,Brasiliense,League,Brazil,BR,5
623,611,Capixaba,League,Brazil,BR,5
624,612,Copa do Nordeste,Cup,Brazil,BR,5
625,614,Paranaense - 2,League,Brazil,BR,5
626,615,Rondoniense,League,Brazil,BR,5
627,616,Potiguar,League,Brazil,BR,5
628,617,Copa do Brasil U20,Cup,Brazil,BR,4
629,618,São Paulo Youth Cup,Cup,Brazil,BR,4
630,619,Mineiro - 2,League,Brazil,BR,5
631,621,Piauiense,League,Brazil,BR,5
632,622,Pernambucano - 1,League,Brazil,BR,5
633,623,Sul-Matogrossense,League,Brazil,BR,5
634,624,Carioca - 1,League,Brazil,BR,5
635,626,Sergipano,League,Brazil,BR,5
636,627,Paraense,League,Brazil,BR,5
637,628,Goiano - 1,League,Brazil,BR,5
638,629,Mineiro - 1,League,Brazil,BR,5
639,630,Matogrossense,League,Brazil,BR,5
640,631,Tocantinense,League,Brazil,BR,5
641,632,Supercopa do Brasil,Cup,Brazil,BR,5
642,636,Ýokary Liga,League,Turkmenistan,TM,5
643,637,V.League 2,League,Vietnam,VN,5
644,639,Super Cup,Cup,Iceland,IS,5
645,640,Kansallinen Liiga,League,Finland,FI,5
646,641,NWSL Women - Challenge Cup,Cup,USA,US,5
647,749,Oberliga - Bremen,League,Germany,DE,4
648,750,Oberliga - Hessen,League,Germany,DE,4
649,751,Oberliga - Niederrhein,League,Germany,DE,4
650,752,Oberliga - Rheinland-Pfalz / Saar,League,Germany,DE,4
651,753,Oberliga - Baden-Württemberg,League,Germany,DE,4
652,754,Oberliga - Nordost-Nord,League,Germany,DE,4
653,755,Oberliga - Nordost-Süd,League,Germany,DE,4
654,756,Cup,Cup,Macedonia,MK,4
655,757,Irish Cup,Cup,Northern-Ireland,GB,4
656,758,Premier Division,League,Gibraltar,GI,4
657,759,Liga Mayor,League,Dominican-Republic,DO,5
658,760,LFA First Division,League,Liberia,LR,4
659,761,Cup,Cup,Liechtenstein,LI,4
660,762,Premier League,League,Mauritania,MR,4
661,763,Mauritian League,League,Mauritius,MU,3
662,764,Premier League,League,Mongolia,MN,5
663,765,PFL,League,Philippines,PH,3
664,767,CONCACAF League,Cup,World,,3
665,771,COSAFA U20 Championship,Cup,World,,2
666,774,3. Division - Girone 1,League,Norway,NO,5
667,775,3. Division - Girone 2,League,Norway,NO,5
668,776,3. Division - Girone 3,League,Norway,NO,5
669,777,3. Division - Girone 4,League,Norway,NO,5
670,778,3. Division - Girone 5,League,Norway,NO,5
671,779,3. Division - Girone 6,League,Norway,NO,5
672,780,III Liga - Group 1,League,Poland,PL,4
673,781,III Liga - Group 2,League,Poland,PL,4
674,782,III Liga - Group 3,League,Poland,PL,4
675,783,III Liga - Group 4,League,Poland,PL,4
676,784,Liga III - Serie 1,League,Romania,RO,3
677,785,Liga III - Serie 2,League,Romania,RO,3
678,786,Liga III - Serie 3,League,Romania,RO,3
679,787,Liga III - Serie 4,League,Romania,RO,3
680,788,Liga III - Serie 5,League,Romania,RO,3
681,789,Liga III - Serie 6,League,Romania,RO,3
682,790,Liga III - Serie 7,League,Romania,RO,3
683,791,Liga III - Serie 8,League,Romania,RO,3
684,792,Liga III - Serie 9,League,Romania,RO,3
685,793,Liga III - Serie 10,League,Romania,RO,3
686,794,3. SNL - East,League,Slovenia,SI,1
687,795,3. SNL - West,League,Slovenia,SI,1
688,796,2. Liga Interregional - Group 1,League,Switzerland,CH,4
689,797,2. Liga Interregional - Group 2,League,Switzerland,CH,4
690,798,2. Liga Interregional - Group 3,League,Switzerland,CH,4
691,799,2. Liga Interregional - Group 4,League,Switzerland,CH,4
692,800,2. Liga Interregional - Group 5,League,Switzerland,CH,3
693,801,2. Liga Interregional - Group 6,League,Switzerland,CH,2
694,802,Cup,Cup,Uzbekistan,UZ,5
695,809,Super Cup,Cup,Andorra,AD,4
696,810,Super Copa,Cup,Argentina,AR,4
697,811,Federation Cup,Cup,Bangladesh,BD,4
698,813,Elite Two,League,Cameroon,CM,4
699,816,Shield Cup,Cup,Jordan,JO,3
700,817,Super Cup Primavera,Cup,Italy,IT,4
701,819,Super Cup,Cup,Kosovo,XK,4
702,820,Crown Prince Cup,Cup,Kuwait,KW,4
703,821,FA Trophy,Cup,Malta,MT,4
704,822,Cup,Cup,Morocco,MA,4
705,828,Ligue 2,League,Tunisia,TN,4
706,829,Youth League,League,Turkmenistan,TM,1
707,830,Super Cup,Cup,Uzbekistan,UZ,4
708,832,Coupe de la Ligue,Cup,Algeria,DZ,1
709,837,Rock Cup,Cup,Gibraltar,GI,4
710,838,Super Cup,Cup,Jordan,JO,3
711,840,Taça Revelação U23,Cup,Portugal,PT,4
712,841,QFA Cup,Cup,Qatar,QA,3
713,843,Copa Verde,Cup,Brazil,BR,5
714,844,Ligue 1,League,Congo,CD,4
715,845,GFA League,League,Gambia,GM,4
716,847,Premier League,League,Eswatini,SZ,4
717,849,Baltic Cup,Cup,World,,3
718,475,Paulista - A1,League,Brazil,BR,5
719,476,Paulista - A2,League,Brazil,BR,5
720,477,Gaúcho - 1,League,Brazil,BR,5
721,478,Gaúcho - 2,League,Brazil,BR,5
722,479,Canadian Premier League,League,Canada,CA,5
723,483,Copa de la Superliga,Cup,Argentina,AR,1
724,500,FA Cup,Cup,Malaysia,MY,4
725,532,AFC U23 Asian Cup,Cup,World,,3
726,536,CONCACAF Nations League,Cup,World,,3
727,538,Africa Cup of Nations U20,Cup,World,,3
728,540,CONMEBOL Libertadores U20,Cup,World,,4
729,541,CONMEBOL Recopa,Cup,World,,5
730,542,Iraqi League,League,Iraq,IQ,5
731,548,Super Cup,Cup,Japan,JP,5
732,549,Damallsvenskan,League,Sweden,SE,5
733,863,Cup,Cup,Jordan,JO,3
734,881,Olympics Men - Qualification Concacaf,Cup,World,,1
735,882,Olympics Women - Qualification Asia,Cup,World,,2
736,885,Campeones Cup,Cup,World,,3
737,558,Supercopa,Cup,Peru,PE,1
738,562,Reserve League,League,Belarus,BY,5
739,565,Liga Primera U20,League,Nicaragua,NI,5
740,643,3. liga - Bratislava,League,Slovakia,SK,2
741,644,3. liga - West,League,Slovakia,SK,4
742,645,3. liga - East,League,Slovakia,SK,4
743,646,3. liga - Center,League,Slovakia,SK,2
744,647,Lao League,League,Laos,LA,4
745,648,Tasmania NPL,League,Australia,AU,5
746,649,Supreme Division Women,League,Russia,RU,5
747,650,Second League - Group 3,League,Russia,RU,5
748,651,Second League - Group 1,League,Russia,RU,5
749,652,Second League - Group 2,League,Russia,RU,5
750,653,Second League - Group 4,League,Russia,RU,5
751,654,Super Cup,Cup,Armenia,AM,3
752,656,Super Cup,Cup,Bulgaria,BG,4
753,657,Cup,Cup,Estonia,EE,4
754,658,Cup,Cup,Latvia,LV,5
755,659,Super Cup,Cup,Israel,IL,4
756,660,WK-League,League,South-Korea,KR,5
757,661,Cup,Cup,Lithuania,LT,5
758,662,Copa por México,Cup,Mexico,MX,2
759,663,Super Cup,Cup,Russia,RU,4
760,666,Friendlies Women,Cup,World,,5
761,667,Friendlies Clubs,Cup,World,,5
762,668,1. Liga U19,League,Czech-Republic,CZ,4
763,669,1. Liga Women,League,Czech-Republic,CZ,4
764,670,Community Shield Women,Cup,England,GB,1
765,671,Úrvalsdeild Women,League,Iceland,IS,5
766,672,David Kipiani Cup,Cup,Georgia,GE,5
767,673,Liga MX Femenil,League,Mexico,MX,4
768,674,Cupa,Cup,Moldova,MD,4
769,675,U21 Divisie 1,League,Netherlands,NL,4
770,676,Central Youth League,League,Poland,PL,4
771,678,Super Cup,Cup,Ukraine,UA,2
772,679,U21 League,League,Ukraine,UA,1
773,680,Cup,Cup,Slovakia,SK,4
774,681,Campeonato de Portugal Prio - Group E,League,Portugal,PT,2
775,682,Campeonato de Portugal Prio - Group F,League,Portugal,PT,2
776,683,Campeonato de Portugal Prio - Group G,League,Portugal,PT,1
777,684,Campeonato de Portugal Prio - Group H,League,Portugal,PT,1
778,685,3. liga - CFL B,League,Czech-Republic,CZ,4
779,686,4. liga - Divizie F,League,Czech-Republic,CZ,4
780,687,Regionalliga - Tirol,League,Austria,AT,3
781,688,Regionalliga - Salzburg,League,Austria,AT,3
782,689,Third Amateur Division - ACFF A,League,Belgium,BE,4
783,690,Third Amateur Division - ACFF B,League,Belgium,BE,4
784,691,Provincial - Brabant ACFF,League,Belgium,BE,4
785,692,Primera División RFEF - Group 5,League,Spain,ES,1
786,693,Gamma Ethniki - Group 9,League,Greece,GR,1
787,694,Gamma Ethniki - Group 10,League,Greece,GR,1
788,695,U18 Premier League - North,League,England,GB,4
789,696,U18 Premier League - South,League,England,GB,4
790,697,WSL Cup,Cup,England,GB,4
791,699,Women's Championship,League,England,GB,4
792,700,Kakkosen Cup,Cup,Finland,FI,2
793,701,Liga Revelação U23,League,Portugal,PT,4
794,702,Premier League 2 Division One,League,England,GB,4
795,703,Professional Development League,League,England,GB,4
796,704,Coppa Italia Primavera,Cup,Italy,IT,4
797,705,Campionato Primavera - 1,League,Italy,IT,4
798,706,Campionato Primavera - 2,League,Italy,IT,4
799,707,Cup,Cup,Albania,AL,4
800,708,Super Cup,Cup,Albania,AL,4
801,709,Cup,Cup,Armenia,AM,4
802,710,Nacional B,League,Bolivia,BO,4
803,711,Segunda División,League,Chile,CL,5
804,712,Liga Femenina,League,Colombia,CO,5
805,713,Superliga,Cup,Colombia,CO,5
806,715,DFB Junioren Pokal,Cup,Germany,DE,4
807,717,I-League - 2nd Division,League,India,IN,4
808,719,Super Cup,Cup,Kuwait,KW,4
809,720,Emir Cup,Cup,Kuwait,KW,5
810,721,Cup,Cup,Luxembourg,LU,4
811,722,Liga Premier Serie A,League,Mexico,MX,4
812,723,Cup,Cup,Montenegro,ME,4
813,724,U18 Divisie 1,League,Netherlands,NL,4
814,726,Sultan Cup,Cup,Oman,OM,4
815,727,Super Cup,Cup,Poland,PL,4
816,728,Liga 1 Feminin,League,Romania,RO,4
817,729,Coppa Titano,Cup,San-Marino,SM,4
818,730,Football League - Highland League,League,Scotland,GB,4
819,731,Football League - Lowland League,League,Scotland,GB,4
820,732,Cup,Cup,Serbia,RS,4
821,733,I Liga - Women,League,Slovakia,SK,4
822,734,Diski Challenge,League,South-Africa,ZA,4
823,735,Copa Federacion,Cup,Spain,ES,4
824,737,Svenska Cupen - Women,Cup,Sweden,SE,4
825,738,League Cup,Cup,Wales,GB,4
826,739,AXA Women’s Super League,League,Switzerland,CH,4
827,740,CBF Brasileiro U20,Cup,Brazil,BR,5
828,741,Brasileiro de Aspirantes,Cup,Brazil,BR,3
829,742,Copa Paulista,Cup,Brazil,BR,5
830,744,Oberliga - Schleswig-Holstein,League,Germany,DE,4
831,745,Oberliga - Hamburg,League,Germany,DE,4
832,746,Oberliga - Mittelrhein,League,Germany,DE,4
833,747,Oberliga - Westfalen,League,Germany,DE,4
834,748,Oberliga - Niedersachsen,League,Germany,DE,4
835,725,Toppserien,League,Norway,NO,4
836,736,Elitettan,League,Sweden,SE,4
837,743,UEFA Championship - Women,Cup,World,,1
838,812,Super Cup,Cup,Belarus,BY,4
839,814,Reykjavik Cup,Cup,Iceland,IS,4
840,815,Fotbolti.net Cup A,Cup,Iceland,IS,2
841,818,Super Cup,Cup,Kazakhstan,KZ,4
842,823,Nasjonal U19 Champions League,Cup,Norway,NO,4
843,824,Emir Cup,Cup,Qatar,QA,4
844,825,Qatar Cup,Cup,Qatar,QA,3
845,826,Super Cup,Cup,Saudi-Arabia,SA,4
846,831,Super Cup,Cup,Vietnam,VN,3
847,833,Queensland Premier League,League,Australia,AU,4
848,834,South Australia State League 1,League,Australia,AU,4
849,835,New South Wales NPL 2,League,Australia,AU,4
850,836,Victoria NPL 2,League,Australia,AU,4
851,839,Super Cup,Cup,Lithuania,LT,4
852,842,Super Copa,Cup,Uruguay,UY,4
853,846,Somali Premier League,League,Somalia,SO,3
854,848,UEFA Europa Conference League,Cup,World,,3
855,851,Carioca A2,League,Brazil,BR,4
856,852,Super Cup,Cup,Cyprus,CY,3
857,853,Supercopa de Ecuador,Cup,Ecuador,EC,2
858,854,WE League,League,Japan,JP,3
859,855,Dhivehi Premier League,League,Maldives,MV,3
860,856,CONCACAF Caribbean Club Championship,Cup,World,,3
861,857,Campeón de Campeones,Cup,Mexico,MX,3
862,858,CONCACAF Gold Cup - Qualification,Cup,World,,2
863,859,COSAFA Cup,Cup,World,,3
864,860,Arab Cup,Cup,World,,1
865,861,U20 League,League,Mexico,MX,2
866,910,Youth Viareggio Cup,Cup,World,,3
867,862,3. Division,League,Denmark,DK,3
868,864,Supercopa,Cup,Costa-Rica,CR,3
869,865,Liga 3,League,Portugal,PT,3
870,866,MLS All-Star,Cup,USA,US,4
871,891,Coppa Italia Serie C,Cup,Italy,IT,3
872,868,Premier League,League,Pakistan,PK,1
873,869,CECAFA Club Cup,Cup,World,,1
874,870,Premier League,League,Crimea,UA,2
875,871,Premier League Cup,Cup,England,GB,3
876,872,Liga Premier Serie B,League,Mexico,MX,3
877,873,Thai Champions Cup,Cup,Thailand,TH,3
878,874,Australia Cup,Cup,Australia,AU,3
879,875,Segunda División RFEF - Group 1,League,Spain,ES,3
880,876,Segunda División RFEF - Group 2,League,Spain,ES,3
881,877,Segunda División RFEF - Group 3,League,Spain,ES,3
882,878,Segunda División RFEF - Group 4,League,Spain,ES,3
883,879,Segunda División RFEF - Group 5,League,Spain,ES,3
884,880,World Cup - Women - Qualification Europe,Cup,World,,1
885,883,Reserve League,League,Netherlands,NL,1
886,884,Super Cup,Cup,San-Marino,SM,3
887,887,Second League,League,Egypt,EG,3
888,888,Second League - Group B,League,Egypt,EG,2
889,889,Second League - Group C,League,Egypt,EG,2
890,890,U20 Elite League,Cup,World,,4
891,892,Coppa Italia Serie D,Cup,Italy,IT,3
892,867,Copa Paulino Alcantara,League,Philippines,PH,3
893,895,League Cup,Cup,Egypt,EG,3
894,896,Super Cup,Cup,United-Arab-Emirates,AE,3
895,898,League Cup,Cup,Thailand,TH,3
896,902,Algarve Cup,Cup,World,,1
897,903,The Atlantic Cup,Cup,World,,3
898,905,Super Cup,Cup,Iran,IR,2
899,36,Africa Cup of Nations - Qualification,Cup,World,,3
900,944,Super Cup,Cup,Oman,OM,2
901,945,International Champions Cup - Women,Cup,World,,1
902,946,Second NL,League,Croatia,HR,2
903,947,DFB Pokal - Women,Cup,Germany,DE,2
904,948,1a Divisão - Women,League,Portugal,PT,2
905,949,CONMEBOL Libertadores Femenina,Cup,World,,2
906,950,World Cup - U17 - Women,Cup,World,,1
907,951,South American Youth Games,Cup,World,,1
908,952,AFC U23 Asian Cup - Qualification,Cup,World,,2
909,953,Africa U23 Cup of Nations - Qualification,Cup,World,,1
910,954,National League - Central,League,New-Zealand,NZ,3
911,955,National League - National,League,New-Zealand,NZ,2
912,956,National League - Northern,League,New-Zealand,NZ,3
913,957,National League - Southern,League,New-Zealand,NZ,3
914,958,Copa Costa Rica,Cup,Costa-Rica,CR,2
915,959,Cup,Cup,Singapore,SG,2
916,961,Supercopa,Cup,Paraguay,PY,1
917,962,Premier League,League,Lesotho,LS,2
918,966,Cup,Cup,Ghana,GH,2
919,967,Cup,Cup,Lebanon,LB,2
920,968,Championnat D1,League,Gabon,GA,2
921,971,Shield Cup,Cup,Kenya,KE,2
922,975,Serie C - Relegation - Play-offs,League,Italy,IT,2
923,976,Serie C - Promotion - Play-offs,League,Italy,IT,2
924,974,Serie C - Supercoppa Lega Finals,League,Italy,IT,2
925,977,Tercera División RFEF - Promotion - Play-offs,League,Spain,ES,2
926,978,2nd Division - Play-offs,League,Albania,AL,2
927,979,Provincial - Play-offs VV,League,Belgium,BE,2
928,980,Provincial - Play-offs ACFF,League,Belgium,BE,2
929,981,Third Amateur Division - Play-offs,League,Belgium,BE,2
930,982,Denmark Series - Promotion Round,League,Denmark,DK,2
931,983,Denmark Series - Relegation Round,League,Denmark,DK,2
932,984,National League - North - Play-offs,League,England,GB,2
933,985,National League - South - Play-offs,League,England,GB,2
934,986,Non League Div One - Play-offs,League,England,GB,2
935,987,U18 Premier League - Championship,League,England,GB,2
936,988,Oberliga - Promotion Round,League,Germany,DE,1
937,989,Oberliga - Relegation Round,League,Germany,DE,1
938,990,Gamma Ethniki - Promotion Group,League,Greece,GR,1
939,991,Campeonato de Portugal Prio - Promotion Round,League,Portugal,PT,2
940,992,Football League - Championship,League,Scotland,GB,2
941,993,Non League Premier - Isthmian - Play-offs,League,England,GB,2
942,994,Non League Premier - Northern - Play-offs,League,England,GB,2
943,995,Non League Premier - Southern South - Play-offs,League,England,GB,2
944,996,Non League Premier - Southern Central - Play-offs,League,England,GB,2
945,997,Serie D - Promotion - Play-offs,League,Italy,IT,2
946,998,Serie D - Relegation - Play-offs,League,Italy,IT,2
947,999,Serie D - Championship Round,League,Italy,IT,2
948,1000,Segunda División RFEF - Play-offs,League,Spain,ES,2
949,1002,Regionalliga - Promotion Play-offs,League,Germany,DE,2
950,1003,Regionalliga - Relegation Round,League,Germany,DE,1
951,1004,Derde Divisie - Relegation Round,League,Netherlands,NL,1
952,1005,1. Liga Classic - Play-offs,League,Switzerland,CH,1
953,1006,Primera División RFEF - Play Offs,League,Spain,ES,2
954,1007,3. Lig - Play-offs,League,Turkey,TR,2
955,1009,Liga III - Play-offs,League,Romania,RO,2
956,1010,3. liga - Promotion Play-off,League,Czech-Republic,CZ,1
957,1011,Second Amateur Division - Play-offs ,League,Belgium,BE,2
958,1014,Second League - Play-offs,League,Egypt,EG,2
959,1016,CAC Games,Cup,World,,1
960,886,UEFA U17 Championship - Qualification,Cup,World,,3
961,893,UEFA U19 Championship - Qualification,Cup,World,,3
962,894,Asian Cup Women - Qualification,Cup,World,,1
963,897,Asian Cup Women,Cup,World,,1
964,899,League Cup,Cup,Finland,FI,3
965,900,Tipsport Malta Cup,Cup,World,,3
966,901,Ykköscup,Cup,Finland,FI,3
967,904,SheBelieves Cup,Cup,World,,3
968,906,Reserve League,League,Argentina,AR,3
969,907,Primera Division,League,Cuba,CU,3
970,908,AFF U23 Championship,Cup,World,,2
971,909,MLS Next Pro,League,USA,US,3
972,911,Southeast Asian Games,Cup,World,,2
973,912,CONCACAF Women U17,Cup,World,,2
974,913,CONMEBOL - UEFA Finalissima,Cup,World,,1
975,914,Tournoi Maurice Revello,Cup,World,,3
976,915,1. Division Women,League,Norway,NO,3
977,916,Kirin Cup,Cup,World,,1
978,917,Copa Ecuador,Cup,Ecuador,EC,1
979,918,UEFA U19 Championship - Women,Cup,World,,3
980,919,Mediterranean Games,Cup,World,,1
981,920,World Cup - U20 - Women,Cup,World,,1
982,921,UEFA U17 Championship,Cup,World,,3
983,922,Africa Cup of Nations - Women,Cup,World,,1
984,923,League 1 Ontario,League,Canada,CA,3
985,924,Piala Presiden,Cup,Indonesia,ID,1
986,926,Copa America Femenina,Cup,World,,1
987,927,World Cup - Women - Qualification Concacaf,Cup,World,,1
988,928,AFF U19 Championship,Cup,World,,1
989,929,League Two,League,China,CN,3
990,930,Copa Uruguay,Cup,Uruguay,UY,2
991,931,Non League Premier - Southern Central,League,England,GB,2
992,932,Non League Div One - Northern East,League,England,GB,2
993,933,Non League Div One - Southern Central,League,England,GB,2
994,934,Arab Championship - U20,Cup,World,,1
995,935,Diski Shield,Cup,South-Africa,ZA,1
996,936,Catarinense - 2,League,Brazil,BR,3
997,937,Emirates Cup,Cup,World,,2
998,938,Oberliga - Bayern Nord,League,Germany,DE,2
999,939,Oberliga - Bayern Süd,League,Germany,DE,2
1000,940,COTIF Tournament,Cup,World,,2
1001,941,Islamic Solidarity Games,Cup,World,,1
1002,960,Euro Championship - Qualification,Cup,World,,1
1003,963,CONCACAF U17,Cup,World,,1
1004,964,Copa de la División Profesional,Cup,Bolivia,BO,1
1005,965,AFC U20 Asian Cup,Cup,World,,1
1006,969,Primeira Divisão,League,Macao,MO,2
1007,970,CONMEBOL - U17,Cup,World,,1
1008,972,Super Cup,Cup,China,CN,2
1009,973,CAF Cup of Nations - U17,Cup,World,,1
1010,1008,CAFA Nations Cup,Cup,World,,1
1011,1012,AFC U17 Asian Cup,Cup,World,,1
1012,1013,All-Island Cup - Women,Cup,World,,2
1013,1015,CAF U23 Cup of Nations,Cup,World,,1
1014,1017,U23 League,League,Mexico,MX,1
1015,1018,Federation Cup,Cup,Lebanon,LB,1
1016,1019,Charity Shield,Cup,Northern-Ireland,GB,1
1017,1020,Calcutta Premier Division,League,India,IN,1
1018,1021,Super Cup,Cup,Croatia,HR,1
1019,1022,Premier League - Summer Series,League,England,GB,1
1020,1023,NB III - Southeast,League,Hungary,HU,1
1021,1024,UEFA - CONMEBOL - Club Challenge,Cup,World,,1
1022,1025,Second League A - Fall Season Gold,League,Russia,RU,1
1023,1026,Second League A - Fall Season Silver,League,Russia,RU,1
1024,1027,3. Lig - Group 4,League,Turkey,TR,1
1025,1028,Concacaf Central American Cup,Cup,World,,1
1026,1029,National 3 - Group G,League,France,FR,1
1027,1030,Goiano - 2,League,Brazil,BR,2
1028,1031,Premier League,League,Bhutan,BT,2
1029,1032,Copa de la Liga Profesional,League,Argentina,AR,2
1030,1033,Ekstraliga Women,League,Poland,PL,1
1031,1034,2. Frauen Bundesliga,League,Germany,DE,1
1032,1035,Copa Rio,Cup,Brazil,BR,2
1033,1036,Copa Santa Catarina,Cup,Brazil,BR,1
1034,1037,Paraibano 2,League,Brazil,BR,1
1035,1038,King's Cup,Cup,World,,1
1036,1039,Premier League International Cup,Cup,World,,1
1037,1040,UEFA Nations League - Women,Cup,World,,1
1038,1041,Júniores U19,League,Portugal,PT,1
1039,1042,Super Cup,Cup,Gibraltar,GI,1
1040,850,UEFA U21 Championship - Qualification,Cup,World,,2
1041,1043,African Football League,Cup,World,,1
1042,1044,Erste Liga Cup,Cup,Switzerland,CH,1
1043,1045,Pan American Games,Cup,World,,1
1044,1048,Premier Division,League,Antigua-And-Barbuda,AG,1
1045,1049,King's Cup,Cup,Bahrain,BH,1
1046,1050,Super Cup,Cup,Malta,MT,1
1047,1052,Kakkonen - Play-offs,League,Finland,FI,1
1048,1053,Division 2 - Play-offs,League,Sweden,SE,1
1049,1054,2. Division - Play-offs,League,Norway,NO,1
1050,1055,Ettan - Relegation Round,League,Sweden,SE,1
1051,1056,National League - Championship - Final,League,New-Zealand,NZ,1
1052,1058,Supercopa Femenina,Cup,Spain,ES,1
1053,1061,Second League A - Spring Season Gold,League,Russia,RU,1
1054,1064,Second League A - Spring Season Silver,League,Russia,RU,1
1055,1065,U19 League,League,Ukraine,UA,1
1056,1068,FA Youth Cup,Cup,England,GB,1
1057,1072,All Africa Games,Cup,World,,1
1058,1074,SWPL Cup,Cup,Scotland,GB,1
1059,1078,SWF Scottish Cup,Cup,Scotland,GB,1
1060,1079,Yemeni League,League,Yemen,YE,1
1061,1080,Premier Division,League,Grenada,GD,2
1062,1084,Championnat National,League,Togo,TG,1
1063,1099,Gamma Ethniki - Relegation Play-offs,League,Greece,GR,1
1064,1046,CONCACAF Gold Cup - Qualification - Women,Cup,World,,1
1065,1047,Olympics Women - Qualification CAF,Cup,World,,1
1066,1051,HKPL Cup,Cup,Hong-Kong,HK,1
1067,1057,CONCACAF Gold Cup - Women,Cup,World,,1
1068,1059,Recopa Catarinense,Cup,Brazil,BR,1
1069,1060,CONMEBOL - Pre-Olympic Tournament,Cup,World,,1
1070,1062,Paulista - A4,League,Brazil,BR,1
1071,1063,Copa Alagoas,Cup,Brazil,BR,1
1072,1066,CONCACAF U20 - Qualification,Cup,World,,1
1073,1067,Torneo Promocional Amateur,League,Argentina,AR,1
1074,1069,Goiano U20,League,Brazil,BR,1
1075,1070,AFC U20 Asian Cup - Women,Cup,World,,1
1076,1071,Paranaense U20,League,Brazil,BR,1
1077,1073,Baiano U20,League,Brazil,BR,1
1078,1075,Pro League A,League,Uzbekistan,UZ,1
1079,1076,Catarinense U20,League,Brazil,BR,1
1080,1077,WAFF Championship U23,Cup,World,,1
1081,1081,CONMEBOL - U17 Femenino,Cup,World,,1
1082,1082,Copa Rio U20,Cup,Brazil,BR,1
1083,1085,CONMEBOL U20 Femenino,Cup,World,,1
1084,1086,Paulista - U20,League,Brazil,BR,1
1085,1087,Ykkösliiga,League,Finland,FI,1
1086,1088,Pernambucano - U20,League,Brazil,BR,1
1087,1089,UAE-Qatar - Super Shield,Cup,World,,1
1088,1090,NNSW League 1,League,Australia,AU,1
1089,1091,Tasmania Northern Championship,League,Australia,AU,1
1090,1092,Capital Territory NPL 2,League,Australia,AU,1
1091,1093,Tasmania Southern Championship,League,Australia,AU,1
1092,1094,Western Australia State League 1,League,Australia,AU,1
1093,1095,USL League One Cup,League,USA,US,1
1094,1096,Matogrossense 2,League,Brazil,BR,1
1095,1097,Copa Espírito Santo,Cup,Brazil,BR,1
1096,1098,Paulista Série B,League,Brazil,BR,1
1097,1100,Brasiliense U20,League,Brazil,BR,1
1098,1101,AFC U17 Asian Cup - Women,Cup,World,,1
1099,1102,UEFA U17 Championship - Women,Cup,World,,1
1100,1103,Premiership Women,League,Northern-Ireland,GB,1
1101,1104,Liga 3,League,Georgia,GE,1
1102,1105,Olympics - Intercontinental Play-offs,Cup,World,,1
1103,1106,Carioca C,League,Brazil,BR,1
1104,1107,Mineiro U20,League,Brazil,BR,1
1105,1108,Sergipano U20,League,Brazil,BR,1
1106,1001,CONCACAF Women U20,Cup,World,,1
1107,1083,UEFA Championship - Women - Qualification,Cup,World,,1
